Designator,Footprint,Quantity,Value,LCSC Part #
"C1, C2",0603,2,12p,C123529
"C10, C11, C12, C13, C14, C15, C16, C17, C18, C19, C22, C23, C24, C26, C28, C3, C8, C9",0603,18,100n,C105907
"C20, C21",0603,2,1u,C128624
"C25, C27, C4, C5, C6, C7",0805,6,4u7,C76642
"D1, D2, D3",SOD-523_L1.2-W0.8-LS1.6-BI,3,LESD5D5.0CT1G,C383211
"FB1, FB2",0805,2,FerriteBead_Small,C44838
"JP5, JP6",SolderJumper-2_P1.3mm_Open_RoundedPad1.0x1.5mm,2,SolderJumper_2_Open,
"LED1, LED2, LED3",LED0603-FD_BLUE,3,19-217/BHC-ZL1M2RY/3T,C72041
"Q1, Q2",SOT-23-3_L2.9-W1.3-P1.90-LS2.4-BR,2,S8050_C139514,C139514
Q3,SOT-23-3,1,AO3401A,C15127
"R1, R13, R14, R22, R25",0603,5,2k2,C115003
"R10, R11, R12",0603,3,33R,C657300
"R15, R16, R21, R29, R30, R31, R32",0603,7,0R,C465460
"R17, R18, R19, R2, R20, R23, R24, R26, R27, R28, R3, R4, R6, R7",0603,14,10k,C116677
R8,0603,1,1k,C217840
R9,0603,1,12k,C203265
"SW1, SW2",KEY-SMD_4P-L6.0-W6.0-P4.50-LS9.5-BL,2,K2-1102SP-C4SC-04,C127509
U1,ESP32-WROOM-32E,1,ESP32-WROOM-E,C82899
U2,LQFP-64_10x10mm_P0.5mm,1,FT2232HL,C27882
U3,SOIC-8_L4.9-W3.9-P1.27-LS6.0-BL,1,M93C46-WMN6TP,C7565
U4,QFN-28_L4.0-W4.0-P0.40-BL-EP,1,SX1509BIULTRT,C128430
U5,SOT-223-3_TabPin2,1,LD1117S33TR_SOT223,C86781
USBC1,USB-C-SMD_TYPE-C-USB-17,1,USB3.1C16PFSMT,C167321
Y2,Crystal_SMD_3225-4Pin_3.2x2.5mm,1,12MHz,C93114
